 ,temp,aw,Y
1,30,0.935,7.32
2,30,0.935,7.27
3,30,0.935,7.1
4,35,0.970,07.07
5,30,0.98449,8.3
6,22.93,0.935,7.1
7,30,0.935,7.23
8,30,0.935,6.93
9,25,0.900,4.23
10,35,0.900,2.25
11,37.07,0.935,3.97
12,25,0.970,8.53
13,30,0.88551,3.1
